caso,tempo_min,qc_max_g_kg,Nc_mediana_nuvem_kg1,Nc_media_ponderada_qc_kg1,Dmc_mediana_nuvem_um,Dmc_media_ponderada_qc_um,Nc_mediana_fase_mista_kg1,Nc_media_ponderada_qc_fase_mista_kg1,Dmc_mediana_fase_mista_um,Dmc_media_ponderada_qc_fase_mista_um,massa_qc_integrada_kg_m,Nc_integrado_m1,fracao_Nc_invalido_em_qc,qg_max_g_kg,Ng_no_qgmax_kg1,Dmg_no_qgmax_mm,T_no_qgmax_C,w_no_qgmax_m_s,x_no_qgmax_m,z_no_qgmax_m,Ng_mediana_graupel_kg1,Ng_media_ponderada_qg_kg1,Dmg_mediana_graupel_mm,Dmg_media_ponderada_qg_mm,Ng_mediana_fase_mista_kg1,Dmg_media_ponderada_qg_fase_mista_mm,massa_qg_integrada_kg_m,Ng_integrado_m1,massa_media_graupel_mg_particula,fracao_Ng_invalido_em_qg,Nc_mediana_m15_kg1,Dmc_media_ponderada_qc_m15_um,qg_m15_max_g_kg,Ng_no_qg_m15_max_kg1,Dmg_no_qg_m15_max_mm,Dmg_media_ponderada_qg_m15_mm,w_no_qg_m15_max_m_s
CTRL,0.0,0.0,nan,nan,nan,nan,nan,nan,nan,nan,0.0,0.0,nan,0.0,nan,nan,26.850000000000023,0.0,0.0,0.0,nan,nan,nan,nan,nan,nan,0.0,0.0,nan,nan,nan,nan,0.0,nan,nan,nan,0.0
CTRL,5.0,0.3420832799753043,19651008.877915382,21969370.126367934,51.82017545662372,59.17696312580311,nan,nan,nan,nan,36.08237055375865,4525842212876.638,0.0,0.0,nan,nan,26.965456933685573,0.0,0.0,0.0,nan,nan,nan,nan,nan,nan,0.0,0.0,nan,nan,nan,nan,0.0,nan,nan,nan,0.0
CTRL,10.0,3.9277660289144793,24708080.206541196,40013883.195963025,75.5689647890519,84.36239438742888,nan,nan,nan,nan,5999.7588110441975,110838396178467.25,0.005025125628140704,0.0,nan,nan,28.487984745668086,0.0,0.0,0.0,nan,nan,nan,nan,nan,nan,0.0,0.0,nan,nan,nan,nan,0.0,nan,nan,nan,0.0
CTRL,15.0,3.811028200320596,32729324.380359605,49553392.46260952,51.79479157393403,72.43448843020552,23615328.033549838,30377919.47504763,66.11255943971531,83.68418529516536,3747.4014832328517,159594838189399.0,0.0,0.45648851305353694,18432.60817980584,0.9840322957298424,-1.7693143075679814,2.9087638026520017,4700.0,4300.0,2360.1476601501836,13724.45881794957,0.4115187309971606,0.8410250628592544,2360.1476601501836,0.8410250628592544,53.178888396737015,4814466789.4936695,0.011045644454913722,0.0,nan,nan,0.0,nan,nan,nan,0.0
CTRL,20.0,11.71637566313213,47067457.801790416,2580167210.798445,41.799769550825296,41.02322678941409,49326495.57949881,2180054538.715967,50.4306022350629,42.99223603956412,1565.8933081238458,866040145725609.6,0.01282051282051282,1.5629561999570376,58619.891748682356,1.0021343259047581,-2.837875356003451,4.576110656679874,4100.0,4500.0,3028.1059210577664,38940.442026865545,0.7148655616126146,0.8909035870517606,3028.1059210577664,0.8909035870517606,455.06134960065197,33324698637.287403,0.013655377789117601,0.0,nan,nan,2.5889778728927356e-08,nan,nan,nan,1.0278970164432413
CTRL,25.0,1.7363517377809636,199829765.38888168,182617182.1431868,17.047285180449364,28.577052171848763,199829765.38888168,182617182.1431868,17.047285180449364,28.577052171848763,32.83897568994974,28226242582265.45,0.07692307692307693,0.4169911065787775,28797.788047601236,0.8334078247061106,-1.9402826234586428,-2.1257567415013936,4500.0,3900.0,856.6703085552448,12029.937124498432,0.5556092076363615,0.7816500786000677,1096.8514390801822,0.7818842021024187,164.20571944493435,15818555265.407917,0.010380576271969673,0.0,199488718.06128198,19.822168255094372,0.059582581784956096,7386.706010015315,0.6373103906745802,0.5325126280326045,8.844563432347117
CTRL,30.0,0.0,nan,nan,nan,nan,nan,nan,nan,nan,0.0,0.0,nan,0.06907186110548316,4634.714255138201,0.7526343628881969,-25.280686826056353,4.694827275269112,4900.0,7400.0,821.8044964424089,3525.4805044425407,0.5489431589696556,0.6538895635429774,454.135171419008,0.6437780924945349,84.00919605184484,10298561156.512392,0.008157372158606917,0.0,nan,nan,0.027574487040285922,2704.8066390640247,0.6990079770616753,0.6078763926046811,0.9043004538801971
CTRL,35.0,0.0,nan,nan,nan,nan,nan,nan,nan,nan,0.0,0.0,nan,0.04150917217146094,3199.9707515260166,0.7050063975558132,-30.40474540272851,2.0528521785044584,5300.0,8000.0,609.0031663492456,2365.064378720788,0.5704840611519794,0.6269559200467274,141.6469249265103,0.5818020387096965,64.0811729515139,7906452336.444521,0.008104921173828359,0.0,nan,nan,0.009048348243476664,1118.3622886458634,0.6472291519042215,0.6018872729817236,-2.947710141870733
CTRL,40.0,0.0,nan,nan,nan,nan,nan,nan,nan,nan,0.0,0.0,nan,0.03174414159555602,2633.901322220108,0.687936574113117,-30.52801469241618,1.1871392271387344,6100.0,8000.0,419.9162393014339,1829.5626366888869,0.5895216175247227,0.6364841615838761,236.13208421274464,0.6147079522551046,63.85880349217329,7808936795.223613,0.00817765659612368,0.0,nan,nan,0.006778354084739411,881.6945693634962,0.6353120700175338,0.5875195614129437,-1.3317938437843633
DYN_PLUS,0.0,0.0,nan,nan,nan,nan,nan,nan,nan,nan,0.0,0.0,nan,0.0,nan,nan,26.850000000000023,0.0,0.0,0.0,nan,nan,nan,nan,nan,nan,0.0,0.0,nan,nan,nan,nan,0.0,nan,nan,nan,0.0
DYN_PLUS,5.0,0.47390688353906946,8480190.18495367,11313919.083793115,77.45044424726181,81.77653561104256,nan,nan,nan,nan,55.465678231007466,3155474450672.312,0.0,0.0,nan,nan,26.988520533481676,0.0,0.0,0.0,nan,nan,nan,nan,nan,nan,0.0,0.0,nan,nan,nan,nan,0.0,nan,nan,nan,0.0
DYN_PLUS,10.0,4.095334569251382,24940954.832690038,29320461.754675835,77.0082889630963,92.13903694193148,nan,nan,nan,nan,6173.746752828607,107128501698929.47,0.00909090909090909,1.7086966039531605e-08,nan,nan,-0.016798922258544735,4.040252242382361,4400.0,3600.0,nan,nan,nan,nan,nan,nan,0.0,0.0,nan,nan,nan,nan,0.0,nan,nan,nan,0.0
DYN_PLUS,15.0,11.026512025015458,43608077.622989744,1257558002.9079747,54.906770271797186,58.69880470805946,57364127.87687378,1354367646.7729304,59.04561649149563,55.27481282528191,5554.4765843283085,1658458410817744.5,0.004166666666666667,0.8797548063611197,36547.84316233058,0.968557269137301,-1.8671811225300416,1.215341759281364,5100.0,4500.0,3340.0420448558552,20817.902449036752,0.6570254696534384,0.8882427991968604,3340.0420448558552,0.8882427991968604,349.57513688614813,31334478132.112408,0.011156245698819992,0.0,3504438451.346737,18.513365087767195,0.017889623280743686,2622.235472414124,0.6286530310076066,0.5366093202759366,8.96461749567054
DYN_PLUS,20.0,4.160887050775524,70391968.90676072,520049228.83565307,34.177426971288725,52.74641940768691,196720195.11818445,572358126.6946878,30.446621286087538,53.051735669355516,359.84302831465214,141067291814305.06,0.07446808510638298,0.44414381566650835,24774.042613566555,0.8892157318848173,-2.7289893497436424,0.06660421944662318,4500.0,4100.0,1968.697010894723,16187.02736896834,0.4011553312909644,0.7740899899378554,3040.2162093941142,0.775492987955713,205.35715532298312,34478218707.27577,0.005956141675023587,0.0,105529789.05511889,33.69963546324263,0.059886859523436246,3227.7625951145537,0.8718308051186989,0.5235323798307147,17.730190846303138
DYN_PLUS,25.0,0.05208241081635797,68764622.86601728,76660570.18758436,15.609065794037447,15.307147007241365,nan,nan,nan,nan,0.48035347344570595,794964217230.5742,0.0,0.10137816579892016,7618.888902047966,0.687322970269756,-35.92314860809603,3.529673542439025,5100.0,9000.0,1194.4567767948542,5652.057225118572,0.5506323830114183,0.6360282095777776,148.7422033721546,0.7929239320774338,196.53170726051744,26213075372.68289,0.007497468513951117,0.0,nan,nan,0.05224707483953988,3826.9778593763826,0.7699192249974117,0.7477926780640672,-1.1916348790037516
DYN_PLUS,30.0,0.0,nan,nan,nan,nan,nan,nan,nan,nan,0.0,0.0,nan,0.061405377598670687,4814.601956484317,0.6801192579029377,-34.32487322445357,1.553827245521702,6200.0,8900.0,866.5380616516779,3575.3391093986165,0.5958976017213674,0.6066887187534871,242.4050935082194,0.6110200306803697,174.43663451693618,22824863828.197327,0.007642395408354685,0.0,nan,nan,0.008666321610324181,972.3856726114293,0.6663999384910514,0.6425649426421075,-11.209719490525746
DYN_PLUS,35.0,0.24599480406970667,38001999.00301955,46456051.03765618,29.33091697878041,30.21529601256911,38001999.00301955,46369176.50436406,29.362402584036545,30.23264747806816,88.05615840602754,28200506643892.375,0.0,0.03308197876672616,4490.782105781967,0.5643732578589845,-33.508769066566515,0.9350431008190054,7000.0,9000.0,717.2673828449065,2727.1635873337673,0.5775927100517475,0.6074271900004332,521.5886776398548,0.6971276821260284,154.84625076491983,23702626761.93613,0.006532873015305893,0.0,nan,nan,0.032468774106721346,2448.4243016590335,0.7614620250503109,0.7186738711531199,-7.969795377077178
DYN_PLUS,40.0,0.0,nan,nan,nan,nan,nan,nan,nan,nan,0.0,0.0,nan,0.02402012675703211,3626.105658922561,0.5466986644473923,-31.857563120731754,1.0418781098731602,8100.0,8900.0,495.41947370396025,2124.581547692525,0.563766511141063,0.6037097010306332,27.40382584494009,0.6918300127277168,135.82160816167797,22090312055.84973,0.006148469420363443,0.0,nan,nan,0.016564203402012152,1647.9824723301242,0.6935136425615609,0.6431200800864573,-4.002810178764289
WARM_QV,0.0,0.0,nan,nan,nan,nan,nan,nan,nan,nan,0.0,0.0,nan,0.0,nan,nan,30.850000000000023,0.0,0.0,0.0,nan,nan,nan,nan,nan,nan,0.0,0.0,nan,nan,nan,nan,0.0,nan,nan,nan,0.0
WARM_QV,5.0,0.0,nan,nan,nan,nan,nan,nan,nan,nan,0.0,0.0,nan,0.0,nan,nan,30.97076467353213,0.0,0.0,0.0,nan,nan,nan,nan,nan,nan,0.0,0.0,nan,nan,nan,nan,0.0,nan,nan,nan,0.0
WARM_QV,10.0,2.7219877741028844,14779389.547507629,25893517.98695178,83.71301669673775,99.68355142084444,nan,nan,nan,nan,2469.8749091612863,58512178323881.03,0.0,0.0,nan,nan,32.48745731523479,0.0,0.0,0.0,nan,nan,nan,nan,nan,nan,0.0,0.0,nan,nan,nan,nan,0.0,nan,nan,nan,0.0
WARM_QV,15.0,0.6852073131359775,17180249.416095532,23604651.919807278,56.16157632274113,56.86720526891295,nan,nan,nan,nan,170.16982281091285,13148881569795.328,0.05714285714285714,0.0,nan,nan,33.65652971019915,0.0,0.0,0.0,nan,nan,nan,nan,nan,nan,0.0,0.0,nan,nan,nan,nan,0.0,nan,nan,nan,0.0
WARM_QV,20.0,0.0,nan,nan,nan,nan,nan,nan,nan,nan,0.0,0.0,nan,0.0,nan,nan,33.22988316378968,0.0,0.0,0.0,nan,nan,nan,nan,nan,nan,0.0,0.0,nan,nan,nan,nan,0.0,nan,nan,nan,0.0
WARM_QV,25.0,0.18160815675155187,16378284.590976503,38664188.87643672,35.047883475772146,35.104486305538494,17099770.98065582,42073240.968315154,34.49541441712761,31.875435562896666,20.35622846995526,5377206940320.208,0.0,2.3362741504003446e-08,nan,nan,-0.8375423057613034,4.127030309248491,4500.0,4100.0,nan,nan,nan,nan,nan,nan,0.0,0.0,nan,nan,nan,nan,0.0,nan,nan,nan,0.0
WARM_QV,30.0,0.0,nan,nan,nan,nan,nan,nan,nan,nan,0.0,0.0,nan,0.0,nan,nan,33.00154499866977,0.0,0.0,0.0,nan,nan,nan,nan,nan,nan,0.0,0.0,nan,nan,nan,nan,0.0,nan,nan,nan,0.0
WARM_QV,35.0,0.0,nan,nan,nan,nan,nan,nan,nan,nan,0.0,0.0,nan,0.0,nan,nan,33.23316383855865,0.0,0.0,0.0,nan,nan,nan,nan,nan,nan,0.0,0.0,nan,nan,nan,nan,0.0,nan,nan,nan,0.0
WARM_QV,40.0,0.0,nan,nan,nan,nan,nan,nan,nan,nan,0.0,0.0,nan,0.0,nan,nan,33.39537126475426,0.0,0.0,0.0,nan,nan,nan,nan,nan,nan,0.0,0.0,nan,nan,nan,nan,0.0,nan,nan,nan,0.0
WARM_QV_DYN_PLUS,0.0,0.0,nan,nan,nan,nan,nan,nan,nan,nan,0.0,0.0,nan,0.0,nan,nan,30.850000000000023,0.0,0.0,0.0,nan,nan,nan,nan,nan,nan,0.0,0.0,nan,nan,nan,nan,0.0,nan,nan,nan,0.0
WARM_QV_DYN_PLUS,5.0,0.0,nan,nan,nan,nan,nan,nan,nan,nan,0.0,0.0,nan,0.0,nan,nan,30.994884937785855,0.0,0.0,0.0,nan,nan,nan,nan,nan,nan,0.0,0.0,nan,nan,nan,nan,0.0,nan,nan,nan,0.0
WARM_QV_DYN_PLUS,10.0,2.9462612861396167,42729836.87814899,62913670.17422311,59.101909042214956,71.41334721345524,nan,nan,nan,nan,2993.770141844144,113085864163973.16,0.0,0.0,nan,nan,32.89830266305847,0.0,0.0,0.0,nan,nan,nan,nan,nan,nan,0.0,0.0,nan,nan,nan,nan,0.0,nan,nan,nan,0.0
WARM_QV_DYN_PLUS,15.0,0.9009636433246921,25916855.727795374,33457033.722127654,50.94413192886571,53.2304007235543,nan,nan,nan,nan,280.8528491770429,26600198702442.5,0.028846153846153848,0.0,nan,nan,34.322620231473195,0.0,0.0,0.0,nan,nan,nan,nan,nan,nan,0.0,0.0,nan,nan,nan,nan,0.0,nan,nan,nan,0.0
WARM_QV_DYN_PLUS,20.0,0.0,nan,nan,nan,nan,nan,nan,nan,nan,0.0,0.0,nan,0.0,nan,nan,33.45159175355644,0.0,0.0,0.0,nan,nan,nan,nan,nan,nan,0.0,0.0,nan,nan,nan,nan,0.0,nan,nan,nan,0.0
WARM_QV_DYN_PLUS,25.0,0.2966013700723306,28392432.038116954,47091898.99228255,35.44954832150674,34.18858849499909,28392432.038116954,47091898.99228255,35.44954832150674,34.18858849499909,57.474273636143124,12429859814062.156,0.0,1.1981560856237545e-07,nan,nan,-3.540309122471399,4.886472429999967,4600.0,4500.0,nan,nan,nan,nan,nan,nan,0.0,0.0,nan,nan,nan,nan,0.0,nan,nan,nan,0.0
WARM_QV_DYN_PLUS,30.0,0.0,nan,nan,nan,nan,nan,nan,nan,nan,0.0,0.0,nan,0.0,nan,nan,33.39176931001515,0.0,0.0,0.0,nan,nan,nan,nan,nan,nan,0.0,0.0,nan,nan,nan,nan,0.0,nan,nan,nan,0.0
WARM_QV_DYN_PLUS,35.0,0.0,nan,nan,nan,nan,nan,nan,nan,nan,0.0,0.0,nan,0.0,nan,nan,33.693022457562165,0.0,0.0,0.0,nan,nan,nan,nan,nan,nan,0.0,0.0,nan,nan,nan,nan,0.0,nan,nan,nan,0.0
WARM_QV_DYN_PLUS,40.0,0.0,nan,nan,nan,nan,nan,nan,nan,nan,0.0,0.0,nan,0.0,nan,nan,34.22053427211853,0.0,0.0,0.0,nan,nan,nan,nan,nan,nan,0.0,0.0,nan,nan,nan,nan,0.0,nan,nan,nan,0.0
WARM_RH,0.0,0.0,nan,nan,nan,nan,nan,nan,nan,nan,0.0,0.0,nan,0.0,nan,nan,30.850000000000023,0.0,0.0,0.0,nan,nan,nan,nan,nan,nan,0.0,0.0,nan,nan,nan,nan,0.0,nan,nan,nan,0.0
WARM_RH,5.0,0.36673163659998353,19255425.82454466,21905241.976268966,52.08641609549867,60.182054636670586,nan,nan,nan,nan,38.063698767217275,4448335573795.899,0.0,0.0,nan,nan,30.9708699180149,0.0,0.0,0.0,nan,nan,nan,nan,nan,nan,0.0,0.0,nan,nan,nan,nan,0.0,nan,nan,nan,0.0
WARM_RH,10.0,4.529297979188245,39122502.18954724,46354675.567631125,68.84491317074921,79.61378972217123,nan,nan,nan,nan,6190.875129863212,139973708756213.94,0.0,0.0,nan,nan,32.55470039338178,0.0,0.0,0.0,nan,nan,nan,nan,nan,nan,0.0,0.0,nan,nan,nan,nan,0.0,nan,nan,nan,0.0
WARM_RH,15.0,4.92448475198577,31421779.308876008,40937547.81357326,62.170285837154964,80.77666015230888,27111453.924648836,43310642.74793238,55.4372935486017,64.98196110021253,5517.960178721484,145307391357640.66,0.011406844106463879,0.14508261658159674,19199.743987929778,0.6466790068692528,-2.512149692138564,5.597764678130086,4400.0,4900.0,5827.262848447988,18911.314354442064,0.18609431350372194,0.4938056581726477,5827.262848447988,0.4938056581726477,6.843893853704431,4650345653.387653,0.0014716957327072745,0.0,nan,nan,0.0,nan,nan,nan,0.0
WARM_RH,20.0,27.68354260075311,336389129.9275973,3224986498.7048903,27.3101239725895,35.29575965951524,424361948.3807368,2470148336.4924846,27.10583365692742,37.50738655940089,4594.47363776407,2585199058322074.0,0.03375527426160337,0.23529026657404373,25861.789257336462,0.6770333745072108,-4.34511241494306,3.036671894641786,5200.0,5400.0,1048.3674860602885,9884.496492282824,0.6218051991611373,0.6901562041399971,1357.51557875713,0.6905110218829146,119.23026365888882,20111186457.72353,0.005928554434594258,0.0,3594998535.501061,16.48905669556618,0.02827233621597995,3767.2103628088566,0.6044408009192542,0.5631066062011088,10.286383432663849
WARM_RH,25.0,0.46506449579681797,146024078.9420649,116645300.75317672,17.507484539475854,23.757398609439555,199165483.0180543,197118117.3333035,8.385007072601681,11.995785081721033,15.494586797538028,13655878695165.666,0.0,0.057361713073150085,10321.875346596273,0.5090592828388492,-29.931700446054123,4.205425790903546,5200.0,9100.0,1366.477302761779,8120.665109124917,0.44168806225594426,0.44638204368711965,137.55611263090776,0.449918660497127,99.7878694434462,37421489001.26399,0.0026665927013239813,0.0,nan,nan,0.016592809146231954,5025.198797830029,0.46947917759799024,0.4768675615385678,-0.3398068274060836
WARM_RH,30.0,0.059943247579740545,117672108.32095082,122598063.0499379,12.961915364705023,12.97391352941076,nan,nan,nan,nan,1.2709276486503527,3334891370410.129,0.0,0.04448269129112516,7851.367305527066,0.5123449348277577,-34.117973807651936,1.7286240079387107,2600.0,9100.0,1476.9717298908133,5439.091044841166,0.45447441662816007,0.4759174628579965,173.96410705023402,0.4490710722234045,121.93831249865343,32141761552.440956,0.0037937656994842905,0.0,nan,nan,0.004186207938328637,1436.3706844210446,0.4498456759024884,0.42384273415852763,-12.337359375730436
WARM_RH,35.0,0.33067086249087935,141385619.31560284,125745316.84637494,18.627354234741947,21.34034719050854,198798496.37150627,198798496.37150627,10.830460211193389,10.830460211193389,8.442054792362358,8532969539710.403,0.0,0.024103549789149352,10633.738571383901,0.3775248436166456,-32.608558570431256,1.91813251087641,1200.0,9100.0,1375.2741550606966,4146.022157876213,0.4271804325080236,0.45705701297949186,1049.6947837438663,0.4889084536459648,100.06559193748693,30924055575.931576,0.0032358495699822995,0.0,nan,nan,0.019911822210572843,4096.981347936792,0.5329537697159393,0.5093834954412669,-7.415325265421449
WARM_RH,40.0,0.10340736123400478,111271985.91825579,118511758.46734557,13.2525558318015,14.478543988564844,nan,nan,nan,nan,2.1128087588659583,4099557560563.2,0.0,0.01937107132772382,8637.152292975863,0.37349317116555264,-34.78012881906244,0.69770995458392,1200.0,9300.0,1069.3339750873574,3450.1010849260124,0.38044453192782,0.4298676372043745,381.4575441246302,0.45652316000257287,73.50073800719007,31542088422.57156,0.0023302432300136744,0.0,nan,nan,0.008049603866422034,2342.263221152563,0.4744937187047493,0.4629054453301285,-2.915895803723878
WARM_RH_DYN_PLUS,0.0,0.0,nan,nan,nan,nan,nan,nan,nan,nan,0.0,0.0,nan,0.0,nan,nan,30.850000000000023,0.0,0.0,0.0,nan,nan,nan,nan,nan,nan,0.0,0.0,nan,nan,nan,nan,0.0,nan,nan,nan,0.0
WARM_RH_DYN_PLUS,5.0,0.5073540106534908,12354105.479823295,24639561.88083148,64.09022043107639,70.18091171179653,nan,nan,nan,nan,57.87898523499945,4772617167452.623,0.0,0.0,nan,nan,30.995002875164516,0.0,0.0,0.0,nan,nan,nan,nan,nan,nan,0.0,0.0,nan,nan,nan,nan,0.0,nan,nan,nan,0.0
WARM_RH_DYN_PLUS,10.0,5.594087951341708,30704824.16211911,46169014.84446941,77.21475488226416,81.342800753878,nan,nan,nan,nan,6945.013711000672,141754033129284.03,0.0044444444444444444,0.0,nan,nan,33.00845620968494,0.0,0.0,0.0,nan,nan,nan,nan,nan,nan,0.0,0.0,nan,nan,nan,nan,0.0,nan,nan,nan,0.0
WARM_RH_DYN_PLUS,15.0,6.6856788655495905,41278221.030002005,52306799.678412236,65.88700741580682,81.58617293642519,47737245.72084051,57932717.35987042,72.46617825471422,84.57893576597661,7896.9731357978535,187480173568760.78,0.005376344086021506,0.4577686906419426,8283.819162360227,1.2673406833852454,-0.5635852653855409,-6.1961725938432615,3400.0,4600.0,3191.067528839876,7028.794057374382,0.6524000007442803,1.0327113695874337,3191.067528839876,1.0327113695874337,232.4337818437342,11603226599.170685,0.020031823032771498,0.0,nan,nan,2.9056398497484327e-05,10.617541291264256,0.4419143338645707,0.4341446423714468,2.9010058998872017
WARM_RH_DYN_PLUS,20.0,0.813502413362895,181039568.71308523,148764163.05728462,20.35487751034625,25.962250839772647,194890480.39420655,163018601.77412397,20.388603964910224,26.481699717469837,189.31350998473587,119723259010074.66,0.012903225806451613,0.13194850146433335,14065.30726538756,0.6354350461239587,-20.6767271406448,32.37091137346877,4400.0,7700.0,921.0323170635206,11140.029603051275,0.4005074424329998,0.5596863202744422,1230.1239651146643,0.549030083672156,112.12597506906175,31913862663.863426,0.0035133940460307794,0.0,100094836.16299109,22.572300595234065,0.0914039983894782,12456.660981828823,0.6046802115703974,0.4760935765996927,34.399905011052
WARM_RH_DYN_PLUS,25.0,0.26287324967646064,107145094.2120162,104531491.1368988,20.830360540077198,21.34000851267197,nan,nan,nan,nan,24.6410590608431,18252469648967.99,0.0,0.06065608048757292,5966.078986852949,0.6093095255460611,-37.48498609155655,-2.303114134462528,3300.0,9700.0,971.5903954967521,4010.188529869406,0.5150769296037789,0.5387096401606527,109.04135588575042,0.5006058567245627,137.80652241597087,24292343866.6353,0.0056728376303467115,0.0,nan,nan,0.014378068202873538,2934.7381782609136,0.5358447205659064,0.5256397598132783,-9.263275059107578
WARM_RH_DYN_PLUS,30.0,0.13558242277626417,101508225.95425007,124834757.19543073,15.41957943739771,16.450927231887437,nan,nan,nan,nan,4.395943026191606,6314077368544.998,0.0,0.03137685293554564,4674.237320399816,0.532479703191179,-35.43721974706483,0.8382364525422838,1600.0,9600.0,870.1479471799487,2627.2638674965006,0.5348872578817409,0.5466877362480064,630.1993024580703,0.5971956768801864,129.3419109044019,21591748895.50024,0.005990339714044979,0.0,nan,nan,0.02452689277791578,3262.30496480555,0.6131902771804418,0.6051573112783917,-13.882886045652125
WARM_RH_DYN_PLUS,35.0,0.0231813853132498,87272658.74088892,91277487.67053407,10.547727575546116,10.375514291281577,nan,nan,nan,nan,0.36374822880235486,1893971737783.5095,0.0,0.020783806901859117,3979.4274581998957,0.4950584528290066,-33.637151700577306,2.2686003515616586,1500.0,9300.0,567.5628745019806,2168.669774416639,0.49070827029358716,0.5277929544083113,75.68147577652337,0.5485940597964241,96.60111176547258,19168302468.990345,0.005039627892023809,0.0,nan,nan,0.011854769140550387,2278.3889964697137,0.5438279883744699,0.5313758667454967,3.076297335385925
WARM_RH_DYN_PLUS,40.0,0.3349612843742514,18313303.750599932,25640313.885975715,39.26037820848232,41.686153645292656,14806672.903950505,25127498.103604574,39.44003064727876,41.87843604217032,41.51974455891236,7742612577053.557,0.0,0.017862445558733862,3706.474452072349,0.480233973345427,-34.53171002019761,0.7101550301217489,1200.0,9400.0,468.3529283311619,1869.5391872673151,0.501211278820079,0.5284697790896494,19.906626764081206,0.7575365828283472,88.28024577576274,20370606096.40963,0.00433370737021528,0.0,nan,nan,0.0010981665674917708,1234.4629023149864,0.30292905988755325,0.86738871865098,2.3453814866830456
